boto3|1.24.93|False|boto3|0%|The AWS SDK for Python|376423964
botocore|1.27.93|False|botocore|0%|Low-level, data-driven core of boto 3.|238905727
urllib3|1.26.12|False|urllib3|21.9%|HTTP library with thread-safe connection pooling, file post, and more.|233856611
setuptools|65.5.0|False|_distutils_hack|0%|Easily download, build, install, upgrade, and uninstall Python packages|214855886
setuptools|65.5.0|False|pkg_resources|9.5%|Easily download, build, install, upgrade, and uninstall Python packages|214855886
setuptools|65.5.0|False|setuptools|15.3%|Easily download, build, install, upgrade, and uninstall Python packages|214855886
requests|2.28.1|False|requests|13.6%|Python HTTP for Humans.|212621430
s3transfer|0.6.0|False|s3transfer|0%|An Amazon S3 Transfer Manager|191496632
certifi|2022.9.24|True|certifi|71.4%|Python package for providing Mozilla's CA Bundle.|166702759
idna|3.4|True|idna|94.4%|Internationalized Domain Names in Applications (IDNA)|163826476
cryptography|36.0.2|True|cryptography|0%|cryptography is a package which provides cryptographic recipes and primitives to Python developers.|138618886
awscli|1.25.94|False|awscli|29.9%|Universal Command Line Environment for AWS.|134047956
numpy|1.22.4|True|numpy|13.3%|NumPy is the fundamental package for array computing with Python.|128328565
wheel|0.37.1|False|wheel|31%|A built-package format for Python|113964602
rsa|4.7.2|False|rsa|60%|Pure-Python RSA implementation|110184314
packaging|21.3|True|packaging|76.7%|Core utilities for Python packages|109874716
pyasn1|0.4.8|False|pyasn1|7.9%|ASN.1 types and codecs|106674235
pip|22.3|True|pip|42.9%|The PyPA recommended tool for installing Python packages.|106506648
pytz|2022.5|False|pytz|21.6%|World timezone definitions, modern and historical|106042945
jmespath|1.0.1|False|jmespath|21.9%|JSON Matching Expressions|102854622
pandas|1.5.0|False|pandas|8.7%|Powerful data structures for data analysis, time series, and statistics|100256846
protobuf|3.19.6|False|google|33.5%|Protocol Buffers|98736834
colorama|0.4.4|False|colorama|47.9%|Cross-platform colored terminal text.|96392667
oauthlib|3.2.2|False|oauthlib|22.3%|A generic, spec-compliant, thorough implementation of the OAuth request-signing logic|91619622
attrs|22.1.0|True|attr|99%|Classes Without Boilerplate|90504247
attrs|22.1.0|True|attrs|98.5%|Classes Without Boilerplate|90504247
click|8.1.3|True|click|66.3%|Composable command line interface toolkit|90075871
cffi|1.15.1|False|cffi|46.6%|Foreign Function Interface for Python calling C code.|89723602
markupsafe|2.1.1|True|markupsafe|76.7%|Safely add untrusted strings to HTML/XML markup.|81711858
jinja2|3.1.2|True|jinja2|50.1%|A very fast and expressive template engine.|81058270
pycparser|2.21|False|pycparser|14.3%|C parser in Python|77443081
docutils|0.16|False|docutils|13.9%|Docutils -- Python Documentation Utilities|70521918
cachetools|4.2.4|False|cachetools|1.1%|Extensible memoizing collections and decorators|69337647
pyarrow|9.0.0|False|pyarrow|2.7%|Python library for Apache Arrow|66422025
aiobotocore|2.4.0|False|aiobotocore|7.8%|Async client for aws services using botocore and aiohttp|64568553
wrapt|1.14.1|False|wrapt|21.7%|Module for decorators, wrappers and monkey patching.|63954452
lxml|4.9.1|False|lxml|12.3%|Powerful and Pythonic XML processing library combining libxml2/libxslt with the ElementTree API.|62942210
psutil|5.9.3|False|psutil|10.8%|Cross-platform lib for process and system monitoring in Python.|62724197
isodate|0.6.1|False|isodate|40.8%|An ISO 8601 date/time/duration parser and formatter|56454713
grpcio|1.50.0|False|grpc|24.3%|HTTP/2-based RPC framework|55580709
sqlalchemy|1.4.42|False|sqlalchemy|16.3%|Database Abstraction Library|55100611
fsspec|2022.8.2|False|fsspec|12.3%|File-system specification|53267841
werkzeug|2.2.2|True|werkzeug|69.2%|The comprehensive WSGI web application library.|52080758
s3fs|2022.8.2|False|s3fs|14%|Convenient Filesystem interface over S3|51313220
aiohttp|3.8.1|True|aiohttp|72.3%|Async http client/server framework (asyncio)|49446981
flask|2.2.2|True|flask|51%|A simple framework for building complex web applications.|49055886
chardet|3.0.4|False|chardet|43.2%|Universal encoding detector for Python 2 and 3|48441563
yarl|1.8.1|True|yarl|100%|Yet another URL library|47335528
multidict|5.0.0|True|multidict|100%|multidict implementation|47097711
greenlet|1.1.3.post0|False|greenlet|1.8%|Lightweight in-process concurrent programming|46984564
msrest|0.7.1|True|msrest|28.4%|AutoRest swagger generator Python client runtime.|46670376
tomli|2.0.1|True|tomli|100%|A lil' TOML parser|45849325
jsonschema|3.2.0|False|jsonschema|11.2%|An implementation of JSON Schema validation for Python|45659143
soupsieve|2.3.2.post1|True|soupsieve|61.7%|A modern CSS selector implementation for Beautiful Soup.|44770008
filelock|3.8.0|True|filelock|80%|A platform independent file lock.|44390162
py|1.11.0|True|py|97.9%|library with cross-python path, ini-parsing, io, code, log facilities|44132497
scipy|1.9.2|False|scipy|7.7%|Fundamental algorithms for scientific computing in Python|43833433
frozenlist|1.3.1|True|frozenlist|90.5%|A list-like structure which implements collections.abc.MutableSequence|43769282
beautifulsoup4|4.11.1|False|bs4|8.3%|Screen-scraping library|43446219
beautifulsoup4|4.11.1|False|bs4/builder|75%|Screen-scraping library|43446219
beautifulsoup4|4.11.1|False|bs4/tests|26.5%|Screen-scraping library|43446219
pytest|7.1.3|True|_pytest|57.3%|pytest: simple powerful testing with Python|43408085
pytest|7.1.3|True|pytest|37.8%|pytest: simple powerful testing with Python|43408085
pluggy|1.0.0|False|pluggy|20%|plugin and hook calling mechanisms for python|43109198
asn1crypto|1.5.1|False|asn1crypto|7.9%|Fast ASN.1 parser and serializer with definitions for private keys, public keys, certificates, CRL, OCSP, CMS, PKCS#3, PKCS#7, PKCS#8, PKCS#12, PKCS#5, X.509 and TSP|42619841
platformdirs|2.5.2|True|platformdirs|97%|A small Python module for determining appropriate platform-specific dirs, e.g. a "user data dir".|42354855
aiosignal|1.2.0|True|aiosignal|100%|aiosignal: a list of registered asynchronous callbacks|42307899
tqdm|4.64.1|False|tqdm|10.5%|Fast, Extensible Progress Meter|41954443
tabulate|0.9.0|False|tabulate|55.6%|Pretty-print tabular data|41147417
pyrsistent|0.18.1|True|pyrsistent|79.8%|Persistent/Functional/Immutable data structures|39383668
openpyxl|3.0.10|False|openpyxl|8.8%|A Python library to read/write Excel 2010 xlsx/xlsm files|38897451
itsdangerous|2.1.2|True|itsdangerous|89.6%|Safely pass data to untrusted environments and back.|36150164
virtualenv|20.16.5|False|virtualenv|14.7%|Virtual Python Environment builder|34559279
future|0.18.2|False|future|44.5%|Clean single-source support for Python 3 and 2|34086215
future|0.18.2|False|libfuturize|36.7%|Clean single-source support for Python 3 and 2|34086215
future|0.18.2|False|libpasteurize|45.3%|Clean single-source support for Python 3 and 2|34086215
future|0.18.2|False|past|5.1%|Clean single-source support for Python 3 and 2|34086215
iniconfig|1.1.1|True|iniconfig|100%|iniconfig: brain-dead simple config-ini parsing|33898496
pydantic|1.9.2|True|pydantic|81.3%|Data validation and settings management using python type hints|33445871
pygments|2.13.0|False|pygments|25.9%|Pygments is a syntax highlighting package written in Python.|32540843
toml|0.10.2|False|toml|0%|Python Library for Tom's Obvious, Minimal Language|32185481
pymysql|1.0.2|False|pymysql|34.4%|Pure Python MySQL Driver|31712750
deprecated|1.2.13|False|deprecated|14.3%|Python @deprecated decorator to deprecate old python classes, functions or methods.|31072026
httplib2|0.20.4|False|httplib2|26.8%|A comprehensive HTTP client library.|30831881
bcrypt|4.0.1|True|bcrypt|85.7%|Modern password hashing for your software and your servers|30655371
distlib|0.3.6|False|distlib|16.8%|Distribution utilities|30314196
paramiko|2.11.0|False|paramiko|21.4%|SSH2 protocol library|29639686
py4j|0.10.9.5|False|py4j|15%|Enables Python programs to dynamically access arbitrary Java objects|29628340
docker|5.0.3|False|docker|18.6%|A Python library for the Docker Engine API.|29361013
cloudpickle|2.2.0|False|cloudpickle|45.7%|Extended pickling support for Python objects|28786415
coverage|6.5.0|False|coverage|17.2%|Code coverage measurement for Python|28462079
matplotlib|3.6.1|False|matplotlib|7%|Python plotting package|28042309
matplotlib|3.6.1|False|mpl_toolkits|5.7%|Python plotting package|28042309
smmap|5.0.0|False|smmap|5.2%|A pure Python implementation of a sliding window memory map manager|27843538
redis|4.3.4|False|redis|28.1%|Python client for Redis database and key-value store|27410225
gitdb|4.0.9|False|gitdb|8.6%|Git Object Database|27386415
sqlparse|0.4.3|False|sqlparse|20.4%|A non-validating SQL parser.|26982468
cython|0.29.32|False|cython|0%|The Cython compiler for writing C extensions for the Python language.|26286156
msal|1.20.0b1|False|msal|32%|The Microsoft Authentication Library (MSAL) for Python library enables your app to access the Microsoft Cloud by supporting authentication of users with Microsoft Azure Active Directory accounts (AAD) and Microsoft Accounts (MSA) using industry standard OAuth2 and OpenID Connect.|25861411
pyspark|3.3.0|True|pyspark|39%|Apache Spark Python API|25803981
tzdata|2022.5|False|tzdata|100%|Provider of IANA time zone data|25617198
termcolor|2.0.1|True|termcolor|100%|ANSI color formatting for output in terminal|25352688
pycryptodomex|3.15.0|False|Cryptodome|25.8%|Cryptographic library for Python|24957481
gunicorn|20.1.0|False|gunicorn|36.3%|WSGI HTTP Server for UNIX|24764144
portalocker|2.6.0|True|portalocker|51.5%|Wraps the portalocker recipe for easy usage|24638746
kiwisolver|1.4.4|True|kiwisolver|100%|A fast implementation of the Cassowary constraint solver|24581635
sniffio|1.3.0|True|sniffio|100%|Sniff out which async library your code is running under|23992844
pexpect|4.8.0|False|pexpect|17.8%|Pexpect allows easy control of interactive console applications.|23584534
ptyprocess|0.7.0|False|ptyprocess|11.7%|Run a subprocess in a pseudo terminal|23407769
adal|1.2.7|False|adal|50.6%|Note: This library is already replaced by MSAL Python, available here: https://pypi.org/project/msal/ .ADAL Python remains available here as a legacy. The ADAL for Python library makes it easy for python application to authenticate to Azure Active Directory (AAD) in order to access AAD protected web resources.|23259479
keyring|23.9.3|True|keyring|20.3%|Store and access your passwords safely.|23126009
msgpack|1.0.4|False|msgpack|40.6%|MessagePack serializer|22849175
uritemplate|3.0.1|False|uritemplate|7.1%|URI templates|22828055
wcwidth|0.2.5|False|wcwidth|5.9%|Measures the displayed width of unicode strings in a terminal|22432005
pathspec|0.9.0|False|pathspec|26.4%|Utility library for gitignore style pattern matching of file paths.|22158762
pymongo|4.3.2|True|bson|79.7%|Python driver for MongoDB <http://www.mongodb.org>|21727534
pymongo|4.3.2|True|gridfs|63.4%|Python driver for MongoDB <http://www.mongodb.org>|21727534
pymongo|4.3.2|True|pymongo|47%|Python driver for MongoDB <http://www.mongodb.org>|21727534
regex|2022.3.2|False|regex|26.4%|Alternative regular expression module, to replace re.|21657962
scramp|1.4.1|False|scramp|31.9%|An implementation of the SCRAM protocol.|21606717
webencodings|0.5.1|False|webencodings|14.3%|Character encoding aliases for legacy web content|21476735
alembic|1.8.1|True|alembic|38.6%|A database migration tool for SQLAlchemy.|21092628
oscrypto|1.3.0|False|oscrypto|8%|TLS (SSL) sockets, key generation, encryption, decryption, signing, verification and KDFs using the OS crypto libraries. Does not require a compiler, and relies on the OS for patching. Works on Windows, OS X and Linux/BSD.|21033270
markdown|3.4.1|False|markdown|22.7%|Python implementation of Markdown.|21023200
dill|0.3.5.1|False|dill|14.3%|serialize all of python|20959404
mako|1.2.3|False|mako|16.4%|A super-fast templating language that borrows the best ideas from the existing templating languages.|20891653
tzlocal|4.2|False|tzlocal|5.9%|tzinfo object for the local timezone|20679217
ply|3.11|False|ply|23.1%|Python Lex & Yacc|20460342
isort|5.10.1|True|isort|67.6%|A Python utility / library to sort Python imports.|20460275
datadog|0.44.0|True|datadog|24.3%|The Datadog Python library|20434344
joblib|1.2.0|False|joblib|16.2%|Lightweight pipelining with Python functions|20364962
asynctest|0.13.0|False|asynctest|31.6%|Enhance the standard unittest package with features for testing asyncio libraries|19731859
marshmallow|3.18.0|True|marshmallow|41.7%|A lightweight library for converting complex datatypes to and from native Python datatypes.|19488086
h11|0.9.0|False|h11|1.3%|A pure-Python, bring-your-own-I/O implementation of HTTP/1.1|19399413
oauth2client|4.1.3|False|oauth2client|20.6%|OAuth 2.0 client library|19105877
pg8000|1.29.2|False|pg8000|52.3%|PostgreSQL interface library|18965265
secretstorage|3.3.3|True|secretstorage|62.7%|Python bindings to FreeDesktop.org Secret Service API|18797588
tenacity|8.1.0|True|tenacity|62.7%|Retry code until it succeeds|18666013
xlrd|2.0.1|False|xlrd|51%|Library for developers to extract data from Microsoft Excel (tm) .xls spreadsheet files|18481326
tornado|6.2|True|tornado|35.4%|Tornado is a Python web framework and asynchronous networking library, originally developed at FriendFeed.|18350278
jeepney|0.8.0|False|jeepney|20%|Low-level, pure Python DBus protocol wrapper.|17955559
pyathena|2.14.0|True|pyathena|67.6%|Python DB API 2.0 (PEP 249) client for Amazon Athena|17447230
networkx|2.8.7|False|networkx|3.3%|Python package for creating and manipulating graphs and networks|17270540
pbr|5.10.0|False|pbr|10.8%|Python Build Reasonableness|17035714
tensorboard|2.10.1|False|tensorboard|21.7%|TensorBoard lets you watch Tensors Flow|16821644
backoff|2.2.1|True|backoff|100%|Function decoration for backoff and retry|16492816
pkginfo|1.8.3|False|pkginfo|6.5%|Query metadatdata from sdists / bdists / installed packages.|16053993
defusedxml|0.7.1|False|defusedxml|19.9%|XML bomb protection for Python stdlib modules|15596726
toolz|0.12.0|False|tlz|0%|List processing tools and functional utilities|15434865
toolz|0.12.0|False|toolz|6.5%|List processing tools and functional utilities|15434865
ipython|8.5.0|False|IPython|11.8%|IPython: Productive Interactive Computing|15341205
flake8|5.0.4|False|flake8|75.7%|the modular source code checker: pep8 pyflakes and co|15241929
pyflakes|2.5.0|False|pyflakes|8.5%|passive checker of Python programs|14978355
traitlets|5.5.0|True|traitlets|9%None|14974758
progressbar2|4.1.1|False|progressbar|17.1%|A Python Progressbar library to provide visual (yet text based) progress to long running operations.|14862589
msrestazure|0.6.4|False|msrestazure|16.2%|AutoRest swagger generator Python client runtime. Azure-specific module.|14802828
elasticsearch|7.17.6|True|elasticsearch|84.1%|Python client for Elasticsearch|14801584
simplejson|3.17.6|False|simplejson|8.8%|Simple, fast, extensible JSON encoder/decoder for Python|14794618
fonttools|4.37.4|False|fontTools|20.1%|Tools to manipulate font files|14440220
awswrangler|2.17.0|True|awswrangler|47.1%|Pandas on AWS.|14341851
argcomplete|1.12.3|False|argcomplete|26.3%|Bash tab completion for argparse|14300643
jedi|0.18.1|False|jedi|68.1%|An autocompletion tool for Python that can be used for text editors.|14201602
tomlkit|0.11.5|True|tomlkit|50.9%|Style preserving TOML library|14014042
pycryptodome|3.15.0|False|Crypto|25.8%|Cryptographic library for Python|13970864
mlflow|1.29.0|False|mlflow|25.4%|MLflow: A Platform for ML Development and Productionization|13931504
mlflow|1.29.0|False|pylint_plugins|61.7%|MLflow: A Platform for ML Development and Productionization|13931504
sortedcontainers|2.4.0|False|sortedcontainers|2.6%|Sorted Containers -- Sorted List, Sorted Dict, Sorted Set|13855328
aioitertools|0.11.0|True|aioitertools|36.5%|itertools and builtins for AsyncIO and mixed iterables|13611540
libcst|0.4.7|True|libcst|58.6%|A concrete syntax tree with AST-like properties for Python 3.5, 3.6, 3.7, 3.8, 3.9, and 3.10 programs.|13566883
parso|0.8.3|True|parso|31.1%|A Python Parser|13407091
anyio|3.6.1|True|anyio|96.6%|High level compatibility layer for multiple asynchronous event loop implementations|13299617
gast|0.5.3|False|gast|23.2%|Python AST that abstracts the underlying Python version|13219435
aiofiles|22.1.0|False|aiofiles|11.9%|File support for asyncio.|13033912
backcall|0.2.0|False|backcall|66.7%|Specifications for callback functions passed in to an API|13030961
h5py|3.7.0|False|h5py|2.5%|Read and write HDF5 files from Python|12566568
html5lib|1.1|False|html5lib|18.3%|HTML parser based on the WHATWG HTML specification|12548565
babel|2.10.3|False|babel|15.7%|Internationalization utilities|12523064
lockfile|0.12.2|False|lockfile|34%|Platform-independent file locking module|12309251
black|22.10.0|True|black|64.2%|The uncompromising code formatter.|12176556
pyzmq|24.0.1|False|zmq|52.8%|Python bindings for 0MQ|12110066
astroid|2.12.11|False|astroid|25.1%|An abstract syntax tree for Python with inference support.|11921951
bleach|5.0.1|False|bleach|18.8%|An easy safelist-based HTML-sanitizing tool.|11852041
rich|12.6.0|True|rich|60.6%|Render rich text, tables, progress bars, syntax highlighting, markdown and more to the terminal|11693875
imageio|2.22.2|True|imageio|32.1%|Library for reading and writing a wide range of image, video, scientific, and volumetric data formats.|11685997
cachecontrol|0.12.11|False|cachecontrol|9.7%|httplib2 caching for requests|11621728
configparser|5.3.0|False|backports|14.6%|Updated configparser from stdlib for earlier Pythons.|11446201
rfc3986|1.5.0|False|rfc3986|45.3%|Validating URI References per RFC 3986|11378156
pylint|2.15.4|False|pylint|59.3%|python code static checker|11196224
fastavro|1.6.1|True|fastavro|22%|Fast read/write of AVRO files|11109781
nltk|3.7|False|nltk|12.4%|Natural Language Toolkit|11091675
cattrs|22.1.0|True|cattrs|29.6%|Composable complex class support for attrs and dataclasses.|11060309
nbconvert|7.2.1|False|nbconvert|17.7%|Converting Jupyter Notebooks|10834856
unidecode|1.3.6|True|unidecode|3.5%|ASCII transliterations of Unicode text|10701766
ipykernel|6.16.0|True|ipykernel|10.8%|IPython Kernel for Jupyter|10656163
mock|4.0.3|False|mock|8.2%|Rolling backport of unittest.mock for all Pythons|10530814
humanfriendly|10.0|False|humanfriendly|12.9%|Human friendly output for text interfaces using Python|10505959
futures|3.0.5|False|concurrent|11.1%|Backport of the concurrent.futures package from Python 3.2|10503338
kubernetes|18.20.0|False|kubernetes|1%|Kubernetes python client|10502387
contextlib2|21.6.0|True|contextlib2|100%|Backports and enhancements for the contextlib module|10390856
aioconsole|0.5.1|False|aioconsole|12.3%|Asynchronous console and interfaces for asyncio|10370363
xlsxwriter|3.0.3|False|xlsxwriter|21.9%|A Python module for creating Excel XLSX files.|10264480
selenium|4.5.0|True|selenium|65.8%None|10183909
mypy|0.982|True|mypy|84.7%|Optional static typing for Python|9977977
mypy|0.982|True|mypyc|42.9%|Optional static typing for Python|9977977
httpx|0.15.4|True|httpx|23.7%|The next generation HTTP client.|9835189
httpx|0.15.4|True|httpx/_transports|0%|The next generation HTTP client.|9835189
applicationinsights|0.11.10|False|applicationinsights|19.6%|This project extends the Application Insights API surface to support Python.|9816471
jsonpickle|2.2.0|False|jsonpickle|16.9%|Python library for serializing any arbitrary object graph into JSON|9731197
shellingham|1.5.0|False|shellingham|65%|Tool to Detect Surrounding Shell|9716373
notebook|6.5.1|False|notebook|11.4%|A web-based notebook environment for interactive computing|9689001
websockets|10.3|True|websockets|78.3%|An implementation of the WebSocket Protocol (RFC 6455 & 7692)|9650669
websockets|10.3|True|websockets/extensions|77.8%|An implementation of the WebSocket Protocol (RFC 6455 & 7692)|9650669
websockets|10.3|True|websockets/legacy|55.6%|An implementation of the WebSocket Protocol (RFC 6455 & 7692)|9650669
numba|0.56.3|False|numba|9.2%|compiling Python code using LLVM|9390445
httpcore|0.15.0|True|httpcore|80.7%|A minimal low-level HTTP client.|9385016
httpcore|0.15.0|True|httpcore/_async|40.9%|A minimal low-level HTTP client.|9385016
httpcore|0.15.0|True|httpcore/_sync|40.9%|A minimal low-level HTTP client.|9385016
httpcore|0.15.0|True|httpcore/backends|0%|A minimal low-level HTTP client.|9385016
keras|2.10.0|False|keras|6.8%|Deep learning for humans.|9339741
pendulum|2.1.2|True|pendulum|35%|Python datetimes made easy|9307324
uvloop|0.17.0|True|uvloop|100%|Fast implementation of asyncio event loop on top of libuv|9291568
distro|1.8.0|True|distro|83%|Distro - an OS platform information API|9253643
mistune|2.0.4|False|mistune|24.8%|A sane Markdown parser with useful plugins and renderers|9242865
poetry|1.2.2|True|poetry|74%|Python dependency management and packaging made easy.|9198427
httptools|0.5.0|False|httptools|100%|A collection of framework independent HTTP protocol utils.|9151794
aenum|3.1.11|False|aenum|13%|Advanced Enumerations (compatible with Python's stdlib Enum), NamedTuples, and NamedConstants|9110193
cleo|1.0.0a5|False|cleo|82.8%|Cleo allows you to create beautiful and testable command-line interfaces.|8988624
seaborn|0.12.1|False|seaborn|18%|Statistical data visualization|8984239
statsmodels|0.13.2|False|statsmodels|9.3%|Statistical computations and models for Python|8944076
boto|2.49.0|False|boto|7.5%|Amazon Web Services Library|8942596
debugpy|1.6.3|False|debugpy|15.8%|An implementation of the Debug Adapter Protocol for Python|8935189
uvicorn|0.18.3|False|uvicorn|55.3%|The lightning-fast ASGI server.|8906465
asgiref|3.5.2|True|asgiref|76.6%|ASGI specs, helper code, and adapters|8888082
graphviz|0.20.1|False|graphviz|60.6%|Simple Python interface for Graphviz|8854428
commonmark|0.9.1|False|commonmark|14.8%|Python parser for the CommonMark Markdown spec|8781644
send2trash|1.8.0|False|send2trash|32.3%|Send file to trash natively under Mac OS X, Windows and Linux.|8779240
llvmlite|0.39.1|False|llvmlite|16.9%|lightweight wrapper around basic LLVM functionality|8711730
gspread|5.6.0|False|gspread|18.1%|Google Spreadsheets Python API|8672657
starlette|0.20.4|True|starlette|69.5%|The little ASGI library that shines.|8610182
pylev|1.4.0|False|pylev|28.6%|A pure Python Levenshtein implementation that's not freaking GPL'd.|8606739
pysftp|0.2.9|False|pysftp|7.7%|A friendly face on SFTP|8572731
crashtest|0.3.1|False|crashtest|79.2%|Manage Python errors with ease|8471407
pytzdata|2020.1|False|pytzdata|33.3%|The Olson timezone database for Python.|8468911
nbformat|5.7.0|True|nbformat|12.9%|The Jupyter Notebook format|8463723
cachy|0.3.0|False|cachy|8.9%|Cachy provides a simple yet effective caching library.|8410703
emoji|2.1.0|False|emoji|32.4%|Emoji for Python|8369037
flatbuffers|22.9.24|False|flatbuffers|26.8%|The FlatBuffers serialization format for Python|8320379
shapely|1.8.5.post1|False|shapely|8.1%|Geometric objects, predicates, and operations|8319167
fastapi|0.85.1|True|fastapi|66.1%|FastAPI framework, high performance, easy to learn, fast to code, ready for production|8293410
altair|4.2.0|False|altair|3.1%|Altair: A declarative statistical visualization library for Python.|8229573
xgboost|1.6.2|True|xgboost|51.9%|XGBoost Python Package|8185793
thrift|0.13.0|False|thrift|18.9%|Python bindings for the Apache Thrift RPC system|8167701
watchtower|2.0.1|False|watchtower|36.4%|Python CloudWatch Logging|8164975
retry|0.9.2|False|retry|6.7%|Easy to use retry decorator.|8105112
nbclient|0.7.0|True|nbclient|27.1%|A client library for executing notebooks. Formerly nbconvert's ExecutePreprocessor.|8014621
opencensus|0.11.0|False|opencensus|13.6%|A stats collection and distributed tracing framework|7854205
fastjsonschema|2.16.2|False|fastjsonschema|20%|Fastest Python implementation of JSON schema|7805734
uamqp|1.6.1|False|uamqp|24.4%|AMQP 1.0 Client Library for Python|7785991
torch|1.12.1|True|caffe2|6%|Tensors and Dynamic neural networks in Python with strong GPU acceleration|7764429
torch|1.12.1|True|torch|26.4%|Tensors and Dynamic neural networks in Python with strong GPU acceleration|7764429
torch|1.12.1|True|torchgen|75.1%|Tensors and Dynamic neural networks in Python with strong GPU acceleration|7764429
patsy|0.5.3|False|patsy|9.1%|A Python package for describing statistical models and for building design matrices.|7729328
django|4.1.2|False|django|22.7%|A high-level Python web framework that encourages rapid development and clean, pragmatic design.|7711076
blinker|1.5|False|blinker|6.1%|Fast, simple object-to-object and broadcast signaling|7660282
colorlog|4.8.0|False|colorlog|6.7%|Log formatting with colors!|7621702
gremlinpython|3.6.1|False|gremlin_python|23.1%|Gremlin-Python for Apache TinkerPop|7611015
ijson|3.1.4|False|ijson|35.7%|Iterative JSON parser with standard Python iterator interfaces|7586323
transformers|4.23.1|False|transformers|17.5%|State-of-the-art Machine Learning for JAX, PyTorch and TensorFlow|7516974
enum34|1.1.10|False|enum|4.8%|Python 3.4 Enum backported to 3.3, 3.2, 3.1, 2.7, 2.6, 2.5, and 2.4|7485611
gcsfs|2022.8.2|False|gcsfs|18.5%|Convenient Filesystem interface over GCS|7457939
exceptiongroup|1.0.0rc9|True|exceptiongroup|85.7%|Backport of PEP 654 (exception groups)|7368993
ipywidgets|8.0.2|False|ipywidgets|5.7%|Jupyter interactive widgets|7311626
plotly|5.10.0|False|_plotly_future_|0%|An open-source, interactive data visualization library for Python|7282611
plotly|5.10.0|False|_plotly_utils|7%|An open-source, interactive data visualization library for Python|7282611
plotly|5.10.0|False|jupyterlab_plotly|0%|An open-source, interactive data visualization library for Python|7282611
plotly|5.10.0|False|plotly|49.1%|An open-source, interactive data visualization library for Python|7282611
widgetsnbextension|4.0.3|False|widgetsnbextension|0%|Jupyter interactive widgets for Jupyter Notebook|7201405
sagemaker|2.112.2|False|sagemaker|36.4%|Open source library for training and deploying models on Amazon SageMaker.|7152716
responses|0.22.0|True|responses|24.4%|A utility library for mocking out the `requests` Python library.|7121272
pathlib2|2.3.7.post1|False|pathlib2|8%|Object-oriented filesystem paths|7119234
arrow|1.2.3|True|arrow|38.4%|Better dates & times for Python|7094858
fuzzywuzzy|0.18.0|False|fuzzywuzzy|24.6%|Fuzzy string matching in python|7076468
sphinx|5.3.0|True|sphinx|47.7%|Python documentation generator|7056238
tokenizers|0.13.1|False|tokenizers|16.3%|Fast and Customizable Tokenizers|7048130
croniter|1.3.7|False|croniter|31.4%|croniter provides iteration for datetime object with cron like format|6978106
snowballstemmer|2.2.0|False|snowballstemmer|36.8%|This package provides 29 stemmers for 28 languages generated from Snowball algorithms.|6966387
astunparse|1.6.3|False|astunparse|12.1%|An AST unparser for Python|6893020
watchdog|2.1.9|False|watchdog|25.6%|Filesystem events monitoring|6853809
terminado|0.16.0|True|terminado|19%|Tornado websocket backend for the Xterm.js Javascript terminal emulator library.|6795711
tinycss2|1.2.1|False|tinycss2|29%|A tiny CSS parser|6652089
knack|0.10.0|False|knack|16.3%|A Command-Line Interface framework|6599951
typer|0.4.2|True|typer|72%|Typer, build great CLIs. Easy to code. Based on Python type hints.|6572466
dulwich|0.20.46|True|dulwich|11.5%|Python Git Library|6487085
deepdiff|6.2.1|False|deepdiff|22.6%|Deep Difference and Search of any Python object/data. Recreate objects by adding adding deltas to each other.|6482340
pipenv|2022.10.12|False|pipenv|35.3%|Python Development Workflow for Humans.|6463599
setproctitle|1.3.2|True|setproctitle|66.7%|A Python module to customize the process title|6378683
prettytable|3.4.1|False|prettytable|23.2%|A simple Python library for easily displaying tabular data in a visually appealing ASCII table format|6329769
sendgrid|6.9.7|False|sendgrid|14.4%|Twilio SendGrid library for Python|6325414
sendgrid|6.9.7|False|test|2.7%|Twilio SendGrid library for Python|6325414
pycountry|22.3.5|False|pycountry|20.5%|ISO country, subdivision, language, currency and script definitions and their translations|6282670
inflection|0.5.1|True|inflection|86.7%|A port of Ruby on Rails inflector to Python|6255971
tldextract|3.4.0|True|tldextract|80.7%|Accurately separates a URL's subdomain, domain, and public suffix, using the Public Suffix List (PSL). By default, this includes the public ICANN TLDs and their exceptions. You can optionally support the Public Suffix List's private domains as well.|6250446
faker|15.1.1|True|faker|32.7%|Faker is a Python package that generates fake data for you.|6217945
gevent|22.10.1|False|gevent|12.4%|Coroutine-based network library|6086850
slackclient|2.9.4|False|slack|33.8%|Slack API clients for Web API and RTM API (Legacy) - Please use https://pypi.org/project/slack-sdk/ instead.|6071392
atomicwrites|1.4.1|False|atomicwrites|15.4%|Atomic file writes.|6030322
hvac|1.0.2|False|hvac|8.9%|HashiCorp Vault API client|5937554
moto|4.0.7|False|moto|20.5%|A library that allows your python tests to easily mock out the boto library|5856247
hdfs|2.7.0|False|hdfs|6.1%|HdfsCLI: API and command line interface for HDFS.|5801203
dask|2022.10.0|True|dask|6.5%|Parallel PyData with Task Scheduling|5783000
torchvision|0.13.1|False|torchvision|39.3%|image and video datasets and models for torch deep learning|5767545
typeguard|2.13.3|True|typeguard|21.5%|Run-time type checker for Python|5754024
multiprocess|0.70.13|False|_multiprocess|0%|better multiprocessing and multithreading in python|5748253
multiprocess|0.70.13|False|multiprocess|14.7%|better multiprocessing and multithreading in python|5748253
identify|2.5.6|True|identify|96.6%|File identification library for Python|5716873
ecdsa|0.18.0|False|ecdsa|7.4%|ECDSA cryptographic signature library (pure python)|5708112
sentencepiece|0.1.97|False|sentencepiece|4.5%|SentencePiece python wrapper|5652458
kombu|5.2.4|False|kombu|18.7%|Messaging library for Python.|5636166
celery|5.2.7|False|celery|16.2%|Distributed Task Queue.|5613336
pep517|0.13.0|False|pep517|13.2%|Wrappers to build Python packages using PEP 517 hooks|5608778
amqp|5.1.1|False|amqp|19.6%|Low-level AMQP client for Python (fork of amqplib).|5605106
imagesize|1.4.1|False|imagesize|20%|Getting image size from png/jpeg/jpeg2000/gif file|5600126
crcmod|1.7|False|crcmod|13.1%|CRC Generator|5594094
maxminddb|2.2.0|True|maxminddb|57.9%|Reader for the MaxMind DB format|5557855
pyproj|3.4.0|True|pyproj|60.5%|Python interface to PROJ (cartographic projections and coordinate transformations library)|5549822
executing|1.1.1|False|executing|15.7%|Get the currently executing AST node of a frame, and other information|5543826
asttokens|2.0.8|True|asttokens|27.6%|Annotate AST trees with source code positions|5537485
overrides|6.5.0|True|overrides|37.5%|A decorator to automatically detect mismatch when overriding a method.|5508983
zeep|4.1.0|True|zeep|10.8%|A modern/fast Python SOAP client based on lxml / requests|5388063
pycrypto|2.6.1|False|Crypto|12.7%|Cryptographic modules for Python.|5374143
authlib|1.1.0|False|authlib|22.3%|The ultimate Python library in building OAuth and OpenID Connect servers and clients.|5356081
alabaster|0.7.12|False|alabaster|28.6%|A configurable sidebar-enabled Sphinx theme|5342315
execnet|1.9.0|False|execnet|17.8%|execnet: rapid multi-Python deployment|5333843
astor|0.8.1|False|astor|8.6%|Read/rewrite/write Python ASTs|5303435
wsproto|1.2.0|True|wsproto|89.5%|WebSockets state-machine based protocol implementation|5293122
stevedore|4.0.1|False|stevedore|10.7%|Manage dynamic plugins for Python applications|5272504
ezfnsetup|5.1.1|False|ezfnsetup|0%|UNKNOWN|5184715
geoip2|4.6.0|True|geoip2|63.6%|MaxMind GeoIP2 API|5171133
unicodecsv|0.14.1|False|unicodecsv|17.7%|Python2's stdlib csv module is nice, but it doesn't support unicode. This module is a drop-in replacement which *does*.|5164990
billiard|3.6.4.0|False|billiard|19.9%|Python multiprocessing fork with improvements and bugfixes|5110687
constructs|3.4.128|True|constructs|79.8%|A programming model for composable configuration|5100930
vine|5.0.0|False|vine|11.9%|Promises, promises, promises.|5086039
tox|3.26.0|False|tox|26.8%|tox is a generic virtualenv management and test command line tool|5008335
libclang|14.0.6|False|clang|27.6%|Clang Python Bindings, mirrored from the official LLVM repo: https://github.com/llvm/llvm-project/tree/main/clang/bindings/python, to make the installation process easier.|4852511
ansible|6.5.0|False|ansible_collections|32.1%|Radically simple IT automation|4828402
convertdate|2.4.0|False|convertdate|39.7%|Converts between Gregorian dates and other calendar systems|4809279
xlwt|1.3.0|False|xlwt|23.9%|Library to create spreadsheet files compatible with MS Excel 97/2000/XP/2003 XLS files, on any platform, with Python 2.6, 2.7, 3.3+|4799929
holidays|0.16|True|holidays|26.6%|Generate and work with holidays in Python|4779352
holidays|0.16|True|holidays/countries|6.8%|Generate and work with holidays in Python|4779352
holidays|0.16|True|holidays/financial|0%|Generate and work with holidays in Python|4779352
spacy|3.4.1|True|spacy|33.1%|Industrial-strength Natural Language Processing (NLP) in Python|4740968
fasteners|0.18|False|fasteners|39.7%|A python package that provides useful locks|4739943
nose|1.3.7|False|nose|8.6%|nose extends unittest to make testing easier|4737460
pymeeus|0.5.11|False|pymeeus|13%|Python implementation of Jean Meeus astronomical routines|4707047
gensim|4.2.0|False|gensim|9.9%|Python framework for fast Vector Space Modelling|4681661
ratelimit|2.2.1|False|ratelimit|10.5%|API rate limit decorator|4660159
trio|0.22.0|False|trio|19.1%|A friendly Python library for async concurrency and I/O|4652455
tblib|1.7.0|False|tblib|20.7%|Traceback serialization library.|4613959
freezegun|1.2.2|True|freezegun|88%|Let your Python tests travel through time|4582001
outcome|1.2.0|False|outcome|16.7%|Capture the outcome of Python function calls.|4575966
connexion|2.14.1|False|connexion|13.8%|Connexion - API first applications with OpenAPI/Swagger and Flask|4566421
dateparser|1.1.1|False|dateparser|14%|Date parsing library designed to parse dates from HTML pages|4551934
dateparser|1.1.1|False|dateparser_cli|44.4%|Date parsing library designed to parse dates from HTML pages|4551934
dateparser|1.1.1|False|dateparser_data|0%|Date parsing library designed to parse dates from HTML pages|4551934
dateparser|1.1.1|False|dateparser_scripts|51.7%|Date parsing library designed to parse dates from HTML pages|4551934
orjson|3.8.0|True|orjson|100%|Fast, correct Python JSON library supporting dataclasses, datetimes, and numpy|4525250
cligj|0.7.2|False|cligj|4.2%|Click params for commmand line interfaces to GeoJSON|4414208
munch|2.5.0|False|munch|8%|A dot-accessible dictionary (a la JavaScript objects)|4397006
geopy|2.2.0|False|geopy|21.9%|Python Geocoding Toolbox|4315314
promise|2.3|True|promise|22.8%|Promises/A+ implementation for Python|4295693
parsedatetime|2.6|False|parsedatetime|23%|Parse human-readable date/time text.|4284252
iso8601|1.1.0|True|iso8601|100%|Simple module to parse ISO 8601 dates|4275922
fire|0.4.0|False|fire|18.8%|A library for automatically generating command line interfaces.|4254621
partd|1.3.0|False|partd|14%|Appendable key-value storage|4199799
humanize|4.4.0|True|humanize|94.4%|Python humanize utilities|4160413
thinc|8.1.4|True|thinc|26.2%|A refreshing functional take on deep learning, compatible with your favorite libraries|4155758
locket|1.0.0|False|locket|50%|File-based locks for Python on Linux and Windows|4140467
inflect|6.0.0|True|inflect|29.5%|Correctly generate plurals, singular nouns, ordinals, indefinite articles; convert numbers to words|4112306
distributed|2022.10.0|True|distributed|34.9%|Distributed scheduler for Dask|4107466
pycron|3.0.0|False|pycron|44.4%|Simple cron-like parser, which determines if current datetime matches conditions.|4065477
watergrid|1.1.1|False|test|5.7%|Lightweight framework for building ETL pipelines.|4038274
watergrid|1.1.1|False|watergrid|28.3%|Lightweight framework for building ETL pipelines.|4038274
pathos|0.2.9|False|pathos|12.9%|parallel graph management and execution in heterogeneous computing|3974895
djangorestframework|3.14.0|False|rest_framework|16.1%|Web APIs for Django, made easy.|3964971
srsly|2.4.5|False|srsly|13.1%|Modern high-performance serialization utilities for Python|3949043
blis|0.7.9|False|blis|7.3%|The Blis BLAS-like linear algebra library, as a self-contained C-extension.|3933998
singledispatch|3.7.0|False|singledispatch|10%|Backport functools.singledispatch from Python 3.4 to Python 2.6-3.3.|3930889
murmurhash|1.0.9|False|murmurhash|28.6%|Cython bindings for MurmurHash|3871512
avro|1.11.1|False|avro|40.8%|Avro is a serialization and RPC framework.|3870354
pyperclip|1.8.2|False|pyperclip|33.3%|A cross-platform clipboard module for Python. (Only handles plain text for now.)|3869610
phonenumbers|8.12.57|True|phonenumbers|97.3%|Python version of Google's common library for parsing, formatting, storing and validating international phone numbers.|3868970
wasabi|0.10.1|False|wasabi|17.7%|A lightweight console printing and formatting toolkit|3815503
cymem|2.0.7|False|cymem|40%|Manage calls to calloc/free through Cython|3810895
shortuuid|1.0.9|False|shortuuid|0%|A generator library for concise, unambiguous and URL-safe UUIDs.|3795890
preshed|3.0.8|False|preshed|13.6%|Cython hash table that trusts the keys are pre-hashed|3779048
pox|0.3.1|False|pox|4.3%|utilities for filesystem exploration and automated builds|3773148
statsd|3.3.0|False|statsd|29.9%|A simple statsd client.|3754163
ppft|1.7.6.5|False|pp|0%|distributed and parallel python|3746373
ppft|1.7.6.5|False|ppft|21.8%|distributed and parallel python|3746373
pastel|0.2.1|False|pastel|12.2%|Bring colors to your terminal.|3735106
clikit|0.6.2|False|clikit|67.6%|CliKit is a group of utilities to build beautiful and testable command line interfaces.|3729365
motor|3.0.0|False|motor|14.3%|Non-blocking MongoDB driver for Tornado or asyncio|3708555
netaddr|0.8.0|False|netaddr|20.8%|A network address manipulation library for Python|3705363
apispec|3.3.2|False|apispec|21.7%|A pluggable API specification generator. Currently supports the OpenAPI Specification (f.k.a. the Swagger specification).|3689313
jira|3.4.1|True|jira|39.3%|Python library for interacting with JIRA via REST APIs.|3681387
datetime|4.7|False|datetime|0%|This package provides a DateTime data type, as known from Zope. Unless you need to communicate with Zope APIs, you're probably better off using Python's built-in datetime module.|3668650
coloredlogs|15.0.1|False|coloredlogs|14.7%|Colored terminal output for Python's logging module|3635275
loguru|0.6.0|True|loguru|95.1%|Python logging made (stupidly) simple|3609621
shap|0.41.0|False|shap|8.2%|A unified approach to explain the output of any machine learning model.|3607268
build|0.8.0|True|build|100%|A simple, correct PEP 517 build frontend|3603819
pypdf2|2.11.1|True|pypdf2|0%|A pure-python PDF library capable of splitting, merging, cropping, and transforming PDF files|3582913
sacremoses|0.0.53|False|sacremoses|50.6%|SacreMoses|3565968
pika|1.3.1|False|pika|25.1%|Pika Python AMQP Client Library|3565258
catalogue|2.0.8|False|catalogue|55.2%|Super lightweight function registries for your library|3559592
pypandoc|1.9|False|pypandoc|50%|Thin wrapper for pandoc.|3543846
pytimeparse|1.1.8|False|pytimeparse|21.9%|Time expression parser|3515624
geographiclib|1.52|False|geographiclib|29.2%|The geodesic routines from GeographicLib|3494220
funcsigs|1.0.2|False|funcsigs|7.1%|Python function signatures from PEP362 for Python 2.6, 2.7 and 3.2+|3470635
jsondiff|2.0.0|False|jsondiff|5.1%|Diff JSON and JSON-like structures in Python|3417424
invoke|1.7.3|False|invoke|11.7%|Pythonic task execution|3347228
cerberus|1.3.4|False|cerberus|11.7%|Lightweight, extensible schema and data validation tool for Python dictionaries.|3344902
bokeh|2.4.3|False|bokeh|30.3%|Interactive plots and applications in the browser from Python|3322686
pybind11|2.10.0|True|pybind11|73%|Seamless operability between C++11 and Python|3316469
cheroot|8.6.0|True|cheroot|37.8%|Highly-optimized, pure-python HTTP server|3311080
parameterized|0.8.1|False|parameterized|9.8%|Parameterized testing with any Python test framework|3302879
feedparser|6.0.10|False|feedparser|39.3%|Universal feed parser, handles RSS 0.9x, RSS 1.0, RSS 2.0, CDF, Atom 0.3, and Atom 1.0 feeds|3262434
tifffile|2022.10.10|False|tifffile|90.9%|Read and write TIFF files|3221475
cssselect|1.1.0|False|cssselect|15.7%|cssselect parses CSS3 Selectors and translates them to XPath 1.0|3194481
slicer|0.0.7|False|slicer|5.6%|A small package for big slicing.|3187077
hpack|4.0.0|False|hpack|43.7%|Pure-Python HPACK header compression|3180194
prison|0.2.1|False|prison|31%|Rison encoder/decoder|3172823
structlog|22.1.0|True|structlog|91.1%|Structured Logging for Python|3134302
pyhive|0.6.5|False|pyhive|34.6%|Python interface to Hive|3132267
validators|0.20.0|False|validators|66.7%|Python Data Validation for Humansâ„¢.|3128652
aniso8601|9.0.1|False|aniso8601|22%|A library for parsing ISO 8601 strings.|3123682
incremental|22.10.0|True|incremental|23.9%|"A small library that versions your Python projects."|3114229
h2|4.1.0|False|h2|36.8%|HTTP/2 State-Machine based protocol implementation|3091618
hyperframe|6.0.1|True|hyperframe|56.1%|HTTP/2 framing layer for Python|3078822
natsort|8.2.0|True|natsort|91.9%|Simple yet flexible natural sorting in Python.|3072858
ephem|4.1.3|False|ephem|3.1%|Compute positions of the planets and stars|3039693
hypothesis|6.56.3|True|hypothesis|45.4%|A library for property-based testing|3016738
cachelib|0.9.0|True|cachelib|79.8%|A collection of cache libraries in the same API interface.|3008660
twine|4.0.1|True|twine|73.5%|Collection of utilities for publishing packages on PyPI|3006467
apscheduler|3.9.1|False|apscheduler|10.4%|In-process task scheduler with Cron-like capabilities|3005829
qtconsole|5.3.2|False|qtconsole|9%|Jupyter Qt console|3004933
mdurl|0.1.2|True|mdurl|100%|Markdown URL utilities|3004910
qtpy|2.2.1|True|qtpy|63.3%|Provides an abstraction layer on top of the various Qt bindings (PyQt5/6 and PySide2/6).|2984055
wtforms|2.3.3|False|wtforms|6.4%|A flexible forms validation and rendering library for Python web development.|2980563
graphframes|0.6|False|graphframes|5.2%|GraphFrames: DataFrame-based Graphs|2978141
dvc|2.30.0|False|dvc|28.1%|Git for data scientists - manage your code and data together|2951543
cmdstanpy|1.0.7|True|cmdstanpy|73.4%|Python interface to CmdStan|2945433
jaydebeapi|1.2.3|False|jaydebeapi|34.2%|Use JDBC database drivers from Python 2/3 or Jython with a DB-API.|2921006
yamllint|1.28.0|False|yamllint|50.2%|A linter for YAML files.|2910338
twisted|22.8.0|True|twisted|15.7%|An asynchronous networking framework written in Python|2889074
sasl|0.3.1|False|sasl|0%|Cyrus-SASL bindings for Python|2879381
cherrypy|18.8.0|False|cherrypy|12.6%|Object-Oriented HTTP framework|2830266
google|3.0.0|False|googlesearch|35%|Python bindings to the Google search engine.|2825227
makefun|1.15.0|True|makefun|22.2%|Small library to dynamically create python functions.|2776905
ddtrace|1.5.2|True|benchmarks|16.7%|Datadog APM client library|2768677
ddtrace|1.5.2|True|ddtrace|45.3%|Datadog APM client library|2768677
pyserial|3.5|False|serial|38.5%|Python Serial Port Extension|2768543
contourpy|1.0.5|False|contourpy|3.5%|Python library for calculating contours of 2D quadrilateral grids|2742229
sekkaybot|0.22.232|False|sekkaybot|0%|Lobby bot.|2739889
tempora|5.0.2|False|tempora|13.5%|Objects and routines pertaining to date and time (tempora)|2707884
lunarcalendar|0.0.9|False|lunarcalendar|10.9%|A lunar calendar converter, including a number of lunar and solar holidays, mainly from China.|2705760
pygeohash|1.2.0|False|pygeohash|10.7%|Python module for interacting with geohashes|2699612
kfp|1.8.14|False|kfp|40%|KubeFlow Pipelines SDK|2629471
zict|2.2.0|True|zict|63.4%|Mutable mapping tools|2626064
pyhocon|0.3.59|False|pyhocon|23.1%|HOCON parser for Python|2601124
fabric|2.7.1|False|fabric|11.8%|High level SSH command execution|2597396
uritools|4.0.0|False|uritools|42.9%|URI parsing, classification and composition|2596666
ftfy|6.1.1|True|ftfy|62.3%|Fixes mojibake and other problems with Unicode, after the fact|2563329
frozendict|2.3.4|True|frozendict|7%|A simple immutable dictionary|2554844
sympy|1.11.1|True|sympy|4.4%|Computer algebra system (CAS) in Python|2545232
tableauserverclient|0.23|True|tableauserverclient|42.6%|A Python module for working with the Tableau Server REST API.|2542080
numexpr|2.8.3|False|numexpr|13%|Fast numerical expression evaluator for NumPy|2534695
mpmath|1.2.1|False|mpmath|3%|Python library for arbitrary-precision floating-point arithmetic|2524942
hyperlink|21.0.0|True|hyperlink|85.9%|A featureful, immutable, and correct URL for Python.|2520671
pydeequ|1.0.1|False|pydeequ|20.3%|PyDeequ - Unit Tests for Data|2484347
tld|0.12.6|True|tld|35.3%|Extract the top-level domain (TLD) from the URL given.|2473454
resolvelib|0.8.1|True|resolvelib|75.3%|Resolve abstract dependencies into concrete ones|2462230
pathy|0.6.2|True|pathy|95.5%|pathlib.Path subclasses for local and cloud bucket storage|2460295
autocommand|2.2.1|False|autocommand|50%|A library to create a command-line program from a function|2446773
boto3-stubs|1.24.93|True|boto3-stubs|93.4%|Type annotations for boto3 1.24.93 generated with mypy-boto3-builder 7.11.10|2440897
automat|20.2.0|False|automat|0%|Self-service finite-state machines for the programmer on the go.|2422898
jellyfish|0.9.0|True|jellyfish|17.5%|a library for doing approximate and phonetic matching of strings.|2371157
ipdb|0.13.9|False|ipdb|8%|IPython-enabled pdb|2370201
moviepy|1.0.3|False|moviepy|20.6%|Video editing with Python|2353597
constantly|15.1.0|False|constantly|0%|Symbolic constants in Python|2348494
pathtools|0.1.2|False|pathtools|29.4%|File system general utilities|2345868
hiredis|2.0.0|True|hiredis|100%|Python wrapper for hiredis|2332200
proglog|0.1.10|False|proglog|11.3%|Log and progress bar manager for console, notebooks, web...|2330834
langcodes|3.3.0|True|langcodes|63.4%|Tools for labeling human languages with IETF language tags|2309443
bitarray|2.6.0|True|bitarray|11.1%|efficient arrays of booleans -- C extension|2290824
catboost|1.1|False|catboost|19.6%|Catboost Python Package|2289999
yapf|0.32.0|False|yapf|31.6%|A formatter for Python code.|2285751
yapf|0.32.0|False|yapftests|0.8%|A formatter for Python code.|2285751
testpath|0.6.0|False|testpath|7%|Test utilities for code working with files and commands|2255079
h3|3.7.4|False|h3|2.4%|Hierarchical hexagonal geospatial indexing system|2249321
gsutil|5.15|False|gslib|11.3%|A command line tool for interacting with cloud storage services.|2224996
w3lib|2.0.1|True|w3lib|94.8%|Library of web-related functions|2218008
pyotp|2.7.0|True|pyotp|78.7%|Python One Time Password Library|2209022
pyrogram|2.0.59|True|pyrogram|60.6%|Elegant, modern and asynchronous Telegram MTProto API framework in Python for users and bots|2207181
xarray|2022.10.0|True|xarray|31.2%|N-D labeled arrays and datasets in Python|2172371
pyaml|21.10.1|False|pyaml|5.7%|PyYAML-based module to produce pretty and readable YAML-serialized data|2162186
twilio|7.14.2|False|twilio|21%|Twilio API client and TwiML generator|2146108
pyaes|1.6.1|False|pyaes|34.2%|Pure-Python Implementation of the AES block-cipher and common modes of operation|2116815
resampy|0.4.2|False|resampy|35.3%|Efficient signal resampling|2115837
influxdb|5.3.1|False|influxdb|5.2%|InfluxDB client|2112434
omegaconf|2.2.3|True|omegaconf|50.8%|A flexible configuration library|2094939
omegaconf|2.2.3|True|pydevd_plugins|63.2%|A flexible configuration library|2094939
bandit|1.7.4|False|bandit|24.3%|Security oriented static analyser for python code.|2087703
onnxruntime|1.12.1|False|onnxruntime|12.1%|ONNX Runtime is a runtime accelerator for Machine Learning models|2076723
cmd2|2.4.2|True|cmd2|86.6%|cmd2 - quickly build feature-rich and user-friendly interactive command line applications in Python|2071051
torchmetrics|0.10.0|True|torchmetrics|51.1%|PyTorch native Metrics|2060372
pyrfc3339|1.1|False|pyrfc3339|0%|Generate and parse RFC 3339 timestamps|2044571
terminaltables|3.1.10|False|terminaltables|78.4%|Generate simple tables in terminals from a nested list of strings.|2020833
clickclick|20.10.2|False|clickclick|15.1%|Click utility functions|2003666
pycurl|7.45.1|False|curl|3.8%|PycURL -- A Python Interface To The cURL library|2002443
cookiecutter|2.1.1|False|cookiecutter|27%|A command-line utility that creates projects from project templates, e.g. creating a Python package project from a Python package project template.|2000791
pyee|9.0.4|True|pyee|54%|A port of node.js's EventEmitter to python.|1997171
pydocstyle|6.1.1|False|pydocstyle|24.1%|Python docstring style checker|1991974
timezonefinder|6.1.3|True|timezonefinder|71.4%|fast python package for finding the timezone of any point on earth (coordinates) offline|1984591
javaproperties|0.5.2|False|javaproperties|13.3%|Read & write Java .properties files|1973042
rx|3.2.0|True|rx|34.8%|Reactive Extensions (Rx) for Python|1969237
kazoo|2.9.0|False|kazoo|15.5%|"Higher Level Zookeeper Client"|1960769
ninja|1.10.2.4|True|ninja|37.5%|Ninja is a small build system with a focus on speed|1959943
boltons|21.0.0|False|boltons|11.2%|When they're not builtins, they're boltons.|1956455
ray|2.0.0|True|ray|22.2%|Ray provides a simple, universal API for building distributed applications.|1950241
passlib|1.7.4|False|passlib|17.8%|comprehensive password hashing framework supporting over 30 schemes|1949806
binaryornot|0.4.4|False|binaryornot|0%|Ultra-lightweight pure Python package to check if a file is binary or text.|1936608
cliff|4.0.0|False|cliff|14%|Command Line Interface Formulation Framework|1927516
dpath|2.0.6|False|dpath|32.4%|Filesystem-like pathing and searching for dictionaries|1910905
jikanpy|4.3.2|True|jikanpy|85.1%|Python wrapper for the Jikan API|1908836
flower|1.2.0|False|flower|22.8%|Celery Flower|1900623
urlextract|1.6.0|False|urlextract|17.1%|Collects and extracts URLs from given text.|1853880
fortnitepy|3.6.7|False|fortnitepy|48.3%|Library for interacting with fortnite services|1841605
fastparquet|0.8.3|False|fastparquet|39.6%|Python support for Parquet file format|1809381
ciso8601|2.2.0|True|ciso8601|100%|Fast ISO8601 date time parser for Python written in C|1808378
xxhash|3.1.0|True|xxhash|100%|Python binding for xxHash|1800056
pydub|0.25.1|False|pydub|13.8%|Manipulate audio with an simple and easy high level interface|1797986
yq|3.1.0|False|yq|15.6%|Command-line YAML/XML processor - jq wrapper for YAML/XML documents|1768210
orderedmultidict|1.0.1|False|orderedmultidict|12.9%|Ordered Multivalue Dictionary|1753563
wandb|0.13.4|True|wandb|39.1%|A CLI and library for interacting with the Weights and Biases API.|1748983
asyncio|3.4.3|False|asyncio|11.4%|reference implementation of PEP 3156|1734798
pgpy|0.5.4|False|pgpy|30.1%|Pretty Good Privacy for Python|1733466
optuna|3.0.3|True|benchmarks|43.8%|A hyperparameter optimization framework|1724428
optuna|3.0.3|True|optuna|47.4%|A hyperparameter optimization framework|1724428
rtree|1.0.1|True|rtree|49.3%|R-Tree spatial index for Python GIS|1723875
autopage|0.5.1|True|autopage|76.7%|A library to provide automatic paging for console output|1716910
hyperopt|0.2.7|False|hyperopt|10.6%|Distributed Asynchronous Hyperparameter Optimization|1694151
dynaconf|3.1.11|False|dynaconf|17.8%|The dynamic configurator for your Python Project|1691014
zstandard|0.18.0|True|zstandard|36.9%|Zstandard bindings for Python|1686735
rapidfuzz|2.11.1|True|rapidfuzz|97.6%|rapid fuzzy string matching|1676014
jupyterlab|3.4.8|False|jupyterlab|23.4%|JupyterLab computational environment|1666785
pycares|4.2.2|False|pycares|11.3%|Python interface for c-ares|1662707
